externalId,order,title,description,checklist,duration,energy,sequenceGroupId,date,spanDays,action
rolo-main-001,1,Main deep work block,Default Main group task,Open project; Review plan; Start implementation,2h,deep,,,,
rolo-main-002,2,Main light follow-up,Blank sequenceGroupId imports into Main,Reply to messages; Clean notes,1h 30m,light,,,,
rolo-backend-001,8,Backend multi-day build,Custom backend group starts its own sequence,Create API shape; Implement storage; Test save path,3h,deep,backend,,3,
rolo-backend-002,9,Backend follow-up,This becomes backend sequence 4 after span expansion,Review logs; Update task list,45m,admin,backend,,,
rolo-frontend-001,10,Frontend future anchor,Explicit date anchors this group,Check spacing; Confirm empty states,2h 15m,light,frontend,2026-05-10,,
rolo-frontend-002,11,Frontend next day,Blank date follows the explicit date in frontend group,Review buttons,90m,light,frontend,,,
rolo-main-003,12,Inserted decimal order task,Decimal order can insert between existing rows,No sequence math needed,20m,deep,,,,
rolo-old-001,,Delete old imported task,Only externalId matters for delete rows,,2h,deep,,,,delete
rolo-old-002,,Archive old imported task,Only externalId matters for archive rows,,2h,deep,,,,archive
,13,Always create new manual import row,Blank externalId creates a new task every import,Check duplicate behavior intentionally,2,admin,misc,,,
